,Id,MSSubClass,MSZoning,LotFrontage,LotArea,Street,LotShape,LandContour,Utilities,LotConfig,LandSlope,Neighborhood,Condition1,Condition2,BldgType,HouseStyle,OverallQual,OverallCond,YearBuilt,YearRemodAdd,RoofStyle,RoofMatl,Exterior1st,Exterior2nd,MasVnrType,MasVnrArea,ExterQual,ExterCond,Foundation,BsmtQual,BsmtCond,BsmtExposure,BsmtFinType1,BsmtFinSF1,BsmtFinType2,BsmtFinSF2,BsmtUnfSF,TotalBsmtSF,Heating,HeatingQC,CentralAir,Electrical,1stFlrSF,2ndFlrSF,LowQualFinSF,GrLivArea,BsmtFullBath,BsmtHalfBath,FullBath,HalfBath,BedroomAbvGr,KitchenAbvGr,KitchenQual,TotRmsAbvGrd,Functional,Fireplaces,FireplaceQu,GarageType,GarageYrBlt,GarageFinish,GarageCars,GarageArea,GarageQual,GarageCond,PavedDrive,WoodDeckSF,OpenPorchSF,EnclosedPorch,3SsnPorch,ScreenPorch,PoolArea,Fence,MiscVal,MoSold,YrSold,SaleType,SaleCondition,SalePrice
15,49,190,RM,33.0,4456,Pave,Reg,Lvl,AllPub,Inside,Gtl,OldTown,Norm,Norm,2fmCon,2Story,4,5,1920,2008,Gable,CompShg,MetalSd,MetalSd,None,0.0,TA,TA,BrkTil,TA,TA,No,Unf,0,Unf,0,736,736,GasA,Gd,Y,SBrkr,736,716,0,1452,0,0,2,0,2,3,TA,8,Typ,0,,,,,0,0,,,N,0,0,102,0,0,0,,0,6,2009,New,Partial,113000
16,44,20,RL,,9200,Pave,IR1,Lvl,AllPub,CulDSac,Gtl,CollgCr,Norm,Norm,1Fam,1Story,5,6,1975,1980,Hip,CompShg,VinylSd,VinylSd,None,0.0,TA,TA,CBlock,Gd,TA,Av,LwQ,280,BLQ,491,167,938,GasA,TA,Y,SBrkr,938,0,0,938,1,0,1,0,3,1,TA,5,Typ,0,,Detchd,1977.0,Unf,1,308,TA,TA,Y,145,0,0,0,0,0,MnPrv,0,7,2008,WD,Normal,130250
17,38,20,RL,74.0,8532,Pave,Reg,Lvl,AllPub,Inside,Gtl,NAmes,Norm,Norm,1Fam,1Story,5,6,1954,1990,Hip,CompShg,Wd Sdng,Wd Sdng,BrkFace,650.0,TA,TA,CBlock,TA,TA,No,Rec,1213,Unf,0,84,1297,GasA,Gd,Y,SBrkr,1297,0,0,1297,0,1,1,0,3,1,TA,5,Typ,1,TA,Attchd,1954.0,Fin,2,498,TA,TA,Y,0,0,0,0,0,0,,0,10,2009,WD,Normal,153000
18,58,60,RL,89.0,11645,Pave,IR1,Lvl,AllPub,Corner,Gtl,CollgCr,Norm,Norm,1Fam,2Story,7,5,2004,2004,Gable,CompShg,VinylSd,VinylSd,None,0.0,Gd,TA,PConc,Gd,TA,No,Unf,0,Unf,0,860,860,GasA,Ex,Y,SBrkr,860,860,0,1720,0,0,2,1,3,1,Gd,7,Typ,0,,Attchd,2004.0,RFn,2,565,TA,TA,Y,0,70,0,0,0,0,,0,8,2006,WD,Normal,196500
19,32,20,RL,,8544,Pave,IR1,Lvl,AllPub,CulDSac,Gtl,Sawyer,Norm,Norm,1Fam,1Story,5,6,1966,2006,Gable,CompShg,HdBoard,HdBoard,None,0.0,TA,TA,CBlock,TA,TA,No,Unf,0,Unf,0,1228,1228,GasA,Gd,Y,SBrkr,1228,0,0,1228,0,0,1,1,3,1,Gd,6,Typ,0,,Attchd,1966.0,Unf,1,271,TA,TA,Y,0,65,0,0,0,0,MnPrv,0,6,2008,WD,Normal,149350
20,47,50,RL,48.0,12822,Pave,IR1,Lvl,AllPub,CulDSac,Gtl,Mitchel,Norm,Norm,1Fam,1.5Fin,7,5,2003,2003,Gable,CompShg,VinylSd,VinylSd,None,0.0,Gd,TA,PConc,Ex,TA,No,GLQ,1351,Unf,0,83,1434,GasA,Ex,Y,SBrkr,1518,631,0,2149,1,0,1,1,1,1,Gd,6,Typ,1,Ex,Attchd,2003.0,RFn,2,670,TA,TA,Y,168,43,0,0,198,0,,0,8,2009,WD,Abnorml,239686
21,31,70,C (all),50.0,8500,Pave,Reg,Lvl,AllPub,Inside,Gtl,IDOTRR,Feedr,Norm,1Fam,2Story,4,4,1920,1950,Gambrel,CompShg,BrkFace,BrkFace,None,0.0,TA,Fa,BrkTil,TA,TA,No,Unf,0,Unf,0,649,649,GasA,TA,N,SBrkr,649,668,0,1317,0,0,1,0,3,1,TA,6,Typ,0,,Detchd,1920.0,Unf,1,250,TA,Fa,N,0,54,172,0,0,0,MnPrv,0,7,2008,WD,Normal,40000
22,46,120,RL,61.0,7658,Pave,Reg,Lvl,AllPub,Inside,Gtl,NridgHt,Norm,Norm,TwnhsE,1Story,9,5,2005,2005,Hip,CompShg,MetalSd,MetalSd,BrkFace,412.0,Ex,TA,PConc,Ex,TA,No,GLQ,456,Unf,0,1296,1752,GasA,Ex,Y,SBrkr,1752,0,0,1752,1,0,2,0,2,1,Ex,6,Typ,1,Gd,Attchd,2005.0,RFn,2,576,TA,TA,Y,196,82,0,0,0,0,,0,2,2010,WD,Normal,319900
23,60,20,RL,60.0,7200,Pave,Reg,Bnk,AllPub,Inside,Gtl,CollgCr,Norm,Norm,1Fam,1Story,5,7,1972,1972,Gable,CompShg,HdBoard,HdBoard,None,0.0,TA,TA,CBlock,TA,TA,Av,ALQ,632,Unf,0,148,780,GasA,Ex,Y,SBrkr,780,0,0,780,0,0,1,0,2,1,TA,4,Typ,0,,Detchd,1973.0,Unf,1,352,TA,TA,Y,196,0,0,0,0,0,MnPrv,0,1,2008,WD,Normal,124900
24,59,60,RL,66.0,13682,Pave,IR2,HLS,AllPub,CulDSac,Gtl,StoneBr,Norm,Norm,1Fam,2Story,10,5,2006,2006,Hip,CompShg,VinylSd,VinylSd,BrkFace,1031.0,Ex,TA,PConc,Ex,TA,Gd,Unf,0,Unf,0,1410,1410,GasA,Ex,Y,SBrkr,1426,1519,0,2945,0,0,3,1,3,1,Gd,10,Typ,1,Gd,BuiltIn,2006.0,Fin,3,641,TA,TA,Y,192,0,37,0,0,0,,0,10,2006,New,Partial,438780
25,40,90,RL,65.0,6040,Pave,Reg,Lvl,AllPub,Inside,Gtl,Edwards,Norm,Norm,Duplex,1Story,4,5,1955,1955,Gable,CompShg,AsbShng,Plywood,None,0.0,TA,TA,PConc,,,,,0,,0,0,0,GasA,TA,N,FuseP,1152,0,0,1152,0,0,2,0,2,2,Fa,6,Typ,0,,,,,0,0,,,N,0,0,0,0,0,0,,0,6,2008,WD,AdjLand,82000
26,39,20,RL,68.0,7922,Pave,Reg,Lvl,AllPub,Inside,Gtl,NAmes,Norm,Norm,1Fam,1Story,5,7,1953,2007,Gable,CompShg,VinylSd,VinylSd,None,0.0,TA,Gd,CBlock,TA,TA,No,GLQ,731,Unf,0,326,1057,GasA,TA,Y,SBrkr,1057,0,0,1057,1,0,1,0,3,1,Gd,5,Typ,0,,Detchd,1953.0,Unf,1,246,TA,TA,Y,0,52,0,0,0,0,,0,1,2010,WD,Abnorml,109000
27,43,85,RL,,9180,Pave,IR1,Lvl,AllPub,CulDSac,Gtl,SawyerW,Norm,Norm,1Fam,SFoyer,5,7,1983,1983,Gable,CompShg,HdBoard,HdBoard,None,0.0,TA,TA,CBlock,Gd,TA,Av,ALQ,747,LwQ,93,0,840,GasA,Gd,Y,SBrkr,884,0,0,884,1,0,1,0,2,1,Gd,5,Typ,0,,Attchd,1983.0,RFn,2,504,TA,Gd,Y,240,0,0,0,0,0,MnPrv,0,12,2007,WD,Normal,144000
28,42,20,RL,115.0,16905,Pave,Reg,Lvl,AllPub,Inside,Gtl,Timber,Norm,Norm,1Fam,1Story,5,6,1959,1959,Gable,CompShg,VinylSd,VinylSd,None,0.0,TA,Gd,CBlock,TA,TA,Gd,BLQ,967,Unf,0,383,1350,GasA,Gd,Y,SBrkr,1328,0,0,1328,0,1,1,1,2,1,TA,5,Typ,2,Gd,Attchd,1959.0,RFn,1,308,TA,TA,P,0,104,0,0,0,0,,0,7,2007,WD,Normal,170000
29,36,60,RL,108.0,13418,Pave,Reg,Lvl,AllPub,Inside,Gtl,NridgHt,Norm,Norm,1Fam,2Story,8,5,2004,2005,Gable,CompShg,VinylSd,VinylSd,Stone,132.0,Gd,TA,PConc,Ex,TA,Av,Unf,0,Unf,0,1117,1117,GasA,Ex,Y,SBrkr,1132,1320,0,2452,0,0,3,1,4,1,Gd,9,Typ,1,Gd,BuiltIn,2004.0,Fin,3,691,TA,TA,Y,113,32,0,0,0,0,,0,9,2006,WD,Normal,309000
